proyecto,fecha,titulo,estado,proponente,autores,fecha_limpia,proyecto_limpio,titulo_limpio,partido_politico,autores_limpios,num_autores,tipo_proyecto,region,fecha_datetime,año,mes,dia_semana,estado_limpio
12888/2025-CR,17/10/2025,PROYECTO DE LEY QUE ESTABLECE LA EQUIDAD EN LA ASIGNACIÓN DE AGUINALDOS Y BONIFICACIÓN POR ESCOLARIDAD PARA LOS TRABAJADORES DEL SECTOR PÚBLICO,E,P,"Montalvo Cubas, Segundo Toribio, Cruz Mamani, Flavio, Agüero Gutiérrez, María Antonieta ver más...",17/10/2025,12888/2025-CR,PROYECTO DE LEY QUE ESTABLECE LA EQUIDAD EN LA ASIGNACIÓN DE AGUINALDOS Y BONIFICACIÓN POR ESCOLARIDAD PARA LOS TRABAJADORES DEL SECTOR PÚBLICO,DESCONOCIDO,"['Montalvo Cubas', 'Segundo Toribio', 'Cruz Mamani', 'Flavio', 'Agüero Gutiérrez', 'María Antonieta']",6,TRABAJO,ICA,2025-10-17,2025,10,Friday,E
12887/2025-CR,17/10/2025,PROYECTO DE LEY QUE MODIFICA EL CÓDIGO PROCESAL PENAL E INCORPORA EL PROCESO ESPECIAL CÉLERE PARA LOS DELITOS DE EXTORSIÓN Y SICARIATO,E,P,"Chacón Trujillo, Nilza Merly, Revilla Villanueva, César Manuel, Moyano Delgado, Martha Lupe ver más...",17/10/2025,12887/2025-CR,PROYECTO DE LEY QUE MODIFICA EL CÓDIGO PROCESAL PENAL E INCORPORA EL PROCESO ESPECIAL CÉLERE PARA LOS DELITOS DE EXTORSIÓN Y SICARIATO,DESCONOCIDO,"['Chacón Trujillo', 'Nilza Merly', 'Revilla Villanueva', 'César Manuel', 'Moyano Delgado', 'Martha Lupe']",6,SEGURIDAD,ICA,2025-10-17,2025,10,Friday,E
12886/2025-CR,17/10/2025,PROYECTO DE LEY QUE ESTABLECE LOS LINEAMIENTOS DE EDUCACIÓN SEXUAL PARA LA EDUCACIÓN BÁSICA,E,P,"Medina Minaya, Esdras Ricardo, Jáuregui Martínez de Aguayo, María de los Milagros Jackeline, Chirinos Venegas, Patricia Rosa ver más...",17/10/2025,12886/2025-CR,PROYECTO DE LEY QUE ESTABLECE LOS LINEAMIENTOS DE EDUCACIÓN SEXUAL PARA LA EDUCACIÓN BÁSICA,DESCONOCIDO,"['Medina Minaya', 'Esdras Ricardo', 'Jáuregui Martínez de Aguayo', 'María de los Milagros Jackeline', 'Chirinos Venegas', 'Patricia Rosa']",6,EDUCACION,ICA,2025-10-17,2025,10,Friday,E
12885/2025-CR,17/10/2025,"PROYECTO DE LEY QUE MODIFICA LA LEY 27688, LEY DE ZONA FRANCA Y ZONA COMERCIAL DE TACNA, PARA ZONA DE EXTENSIÓN EN EL DISTRITO DE LA YARADA-LOS PALOS, PROVINCIA Y DEPARTAMENTO DE TACNA",E,P,"López Ureña, Ilich Fredy, Martínez Talavera, Pedro Edwin, Alva Rojas, Carlos Enrique ver más...",17/10/2025,12885/2025-CR,"PROYECTO DE LEY QUE MODIFICA LA LEY 27688, LEY DE ZONA FRANCA Y ZONA COMERCIAL DE TACNA, PARA ZONA DE EXTENSIÓN EN EL DISTRITO DE LA YARADA-LOS PALOS, PROVINCIA Y DEPARTAMENTO DE TACNA",DESCONOCIDO,"['López Ureña', 'Ilich Fredy', 'Martínez Talavera', 'Pedro Edwin', 'Alva Rojas', 'Carlos Enrique']",6,OTROS,ICA,2025-10-17,2025,10,Friday,E
12884/2025-CR,17/10/2025,"PROYECTO DE LEY QUE DECLARA DE NECESIDAD PÚBLICA E INTERÉS NACIONAL EL RECONOCIMIENTO COMO PATRIMONIO CULTURAL DE LA NACIÓN A LA FESTIVIDAD RITUAL “WAKATAKI-TORIL GRAUINO” DE LA PROVINCIA DE GRAU, DEL DEPARTAMENTO DE APURÍMAC",E,P,"Taipe Coronado, María Elizabeth, Cruz Mamani, Flavio, Mita Alanoca, Isaac ver más...",17/10/2025,12884/2025-CR,"PROYECTO DE LEY QUE DECLARA DE NECESIDAD PÚBLICA E INTERÉS NACIONAL EL RECONOCIMIENTO COMO PATRIMONIO CULTURAL DE LA NACIÓN A LA FESTIVIDAD RITUAL WAKATAKI-TORIL GRAUINO DE LA PROVINCIA DE GRAU, DEL DEPARTAMENTO DE APURÍMAC",DESCONOCIDO,"['Taipe Coronado', 'María Elizabeth', 'Cruz Mamani', 'Flavio', 'Mita Alanoca', 'Isaac']",6,CULTURA,ICA,2025-10-17,2025,10,Friday,E
12883/2025-CR,17/10/2025,"PROYECTO DE LEY QUE DECLARA DE NECESIDAD PÚBLICA E INTERÉS NACIONAL LA CREACIÓN DEL INSTITUTO SUPERIOR PÚBLICO TECNOLÓGICO DE COYLLURQUI, UBICADO EN EL DISTRITO DE COYLLURQUI, PROVINCIA DE COTABAMBAS, DEPARTAMENTO DE APURÍMAC",E,P,"Taipe Coronado, María Elizabeth, Cruz Mamani, Flavio, Mita Alanoca, Isaac ver más...",17/10/2025,12883/2025-CR,"PROYECTO DE LEY QUE DECLARA DE NECESIDAD PÚBLICA E INTERÉS NACIONAL LA CREACIÓN DEL INSTITUTO SUPERIOR PÚBLICO TECNOLÓGICO DE COYLLURQUI, UBICADO EN EL DISTRITO DE COYLLURQUI, PROVINCIA DE COTABAMBAS, DEPARTAMENTO DE APURÍMAC",DESCONOCIDO,"['Taipe Coronado', 'María Elizabeth', 'Cruz Mamani', 'Flavio', 'Mita Alanoca', 'Isaac']",6,EDUCACION,ICA,2025-10-17,2025,10,Friday,E
12882/2025-CR,17/10/2025,PROYECTO DE LEY QUE DECLARA DE INTERÉS NACIONAL LA PRESERVACIÓN Y DIFUSIÓN DEL ZAPATEO AFROPERUANO Y RECONOCE A SUS INICIADORES HISTÓRICOS,E,P,"Paredes Piqué, Susel Ana María, Reymundo Mercado, Edgard Cornelio, Bazán Narro, Sigrid Tesoro ver más...",17/10/2025,12882/2025-CR,PROYECTO DE LEY QUE DECLARA DE INTERÉS NACIONAL LA PRESERVACIÓN Y DIFUSIÓN DEL ZAPATEO AFROPERUANO Y RECONOCE A SUS INICIADORES HISTÓRICOS,DESCONOCIDO,"['Paredes Piqué', 'Susel Ana María', 'Reymundo Mercado', 'Edgard Cornelio', 'Bazán Narro', 'Sigrid Tesoro']",6,OTROS,,2025-10-17,2025,10,Friday,E
12881/2025-CR,17/10/2025,"PROYECTO DE LEY QUE ESTABLECE ACCIONES PARA LA RECUPERACIÓN, REMEDIACIÓN Y CONSERVACIÓN ECOLÓGICA DE LA LAGUNA DE PACUCHA, ASÍ COMO SU PROMOCIÓN TURÍSTICA, UBICADA EN EL DISTRITO DE PACUCHA, DE LA PROVINCIA DE ANDAHUAYLAS, DEL DEPARTAMENTO DE APURÍMAC",E,P,"Taipe Coronado, María Elizabeth, Cruz Mamani, Flavio, Mita Alanoca, Isaac ver más...",17/10/2025,12881/2025-CR,"PROYECTO DE LEY QUE ESTABLECE ACCIONES PARA LA RECUPERACIÓN, REMEDIACIÓN Y CONSERVACIÓN ECOLÓGICA DE LA LAGUNA DE PACUCHA, ASÍ COMO SU PROMOCIÓN TURÍSTICA, UBICADA EN EL DISTRITO DE PACUCHA, DE LA PROVINCIA DE ANDAHUAYLAS, DEL DEPARTAMENTO DE APURÍMAC",DESCONOCIDO,"['Taipe Coronado', 'María Elizabeth', 'Cruz Mamani', 'Flavio', 'Mita Alanoca', 'Isaac']",6,OTROS,ICA,2025-10-17,2025,10,Friday,E
12880/2025-CR,17/10/2025,"PROYECTO DE LEY QUE DECLARA DE INTERÉS NACIONAL Y NECESIDAD PÚBLICA LA CREACIÓN E IMPLEMENTACIÓN DEL INSTITUTO DE EDUCACIÓN SUPERIOR TECNOLÓGICO PÚBLICO DE PAMPACHIRI DEL DISTRITO DE PAMPACHIRI, DE LA PROVINCIA DE ANDAHUAYLAS DEL DEPARTAMENTO DE APURÍMAC",E,P,"Taipe Coronado, María Elizabeth, Cruz Mamani, Flavio, Mita Alanoca, Isaac ver más...",17/10/2025,12880/2025-CR,"PROYECTO DE LEY QUE DECLARA DE INTERÉS NACIONAL Y NECESIDAD PÚBLICA LA CREACIÓN E IMPLEMENTACIÓN DEL INSTITUTO DE EDUCACIÓN SUPERIOR TECNOLÓGICO PÚBLICO DE PAMPACHIRI DEL DISTRITO DE PAMPACHIRI, DE LA PROVINCIA DE ANDAHUAYLAS DEL DEPARTAMENTO DE APURÍMAC",DESCONOCIDO,"['Taipe Coronado', 'María Elizabeth', 'Cruz Mamani', 'Flavio', 'Mita Alanoca', 'Isaac']",6,EDUCACION,ICA,2025-10-17,2025,10,Friday,E
12879/2025-CR,17/10/2025,"PROYECTO DE LEY QUE DISPONE LA INCORPORACIÓN DEL PERSONAL DE LA EMPRESA DE SEGURIDAD, VIGILANCIA Y CONTROL - ESVICSAC A ESSALUD BAJO EL RÉGIMEN DEL DECRETO LEGISLATIVO 728",E,P,"Taipe Coronado, María Elizabeth, Cruz Mamani, Flavio, Mita Alanoca, Isaac ver más...",17/10/2025,12879/2025-CR,"PROYECTO DE LEY QUE DISPONE LA INCORPORACIÓN DEL PERSONAL DE LA EMPRESA DE SEGURIDAD, VIGILANCIA Y CONTROL - ESVICSAC A ESSALUD BAJO EL RÉGIMEN DEL DECRETO LEGISLATIVO 728",DESCONOCIDO,"['Taipe Coronado', 'María Elizabeth', 'Cruz Mamani', 'Flavio', 'Mita Alanoca', 'Isaac']",6,SALUD,,2025-10-17,2025,10,Friday,E
12878/2025-CR,17/10/2025,PROYECTO DE LEY QUE MODIFICA EL ARTÍCULO 1385 DEL CÓDIGO CIVIL,E,P,"Ugarte Mamani, Jhakeline Katy, Sánchez Palomino, Roberto Helbert, Varas Meléndez, Elías Marcial ver más...",17/10/2025,12878/2025-CR,PROYECTO DE LEY QUE MODIFICA EL ARTÍCULO 1385 DEL CÓDIGO CIVIL,DESCONOCIDO,"['Ugarte Mamani', 'Jhakeline Katy', 'Sánchez Palomino', 'Roberto Helbert', 'Varas Meléndez', 'Elías Marcial']",6,OTROS,ICA,2025-10-17,2025,10,Friday,E
12877/2025-CR,17/10/2025,"PROYECTO DE LEY QUE MODIFICA EL ARTÍCULO 30 DE LA LEY 30407, LEY DE PROTECCIÓN Y BIENESTAR ANIMAL, PARA PRECISAR RESPONSABLES DE APLICAR SANCIONES",E,P,"Ugarte Mamani, Jhakeline Katy, Sánchez Palomino, Roberto Helbert, Varas Meléndez, Elías Marcial ver más...",17/10/2025,12877/2025-CR,"PROYECTO DE LEY QUE MODIFICA EL ARTÍCULO 30 DE LA LEY 30407, LEY DE PROTECCIÓN Y BIENESTAR ANIMAL, PARA PRECISAR RESPONSABLES DE APLICAR SANCIONES",DESCONOCIDO,"['Ugarte Mamani', 'Jhakeline Katy', 'Sánchez Palomino', 'Roberto Helbert', 'Varas Meléndez', 'Elías Marcial']",6,OTROS,ICA,2025-10-17,2025,10,Friday,E
12876/2025-CR,17/10/2025,PROYECTO DE LEY QUE GARANTIZA LA IGUALDAD RETRIBUTIVA Y LA NO DISCRIMINACIÓN EN LA REMUNERACIÓN DE LOS JUECES SUPERNUMERARIOS CON LOS JUECES TITULARES DEL PODER JUDICIAL,E,P,"Aragón Carreño, Luis Ángel, Martínez Talavera, Pedro Edwin, Vergara Mendoza, Elvis Hernán ver más...",17/10/2025,12876/2025-CR,PROYECTO DE LEY QUE GARANTIZA LA IGUALDAD RETRIBUTIVA Y LA NO DISCRIMINACIÓN EN LA REMUNERACIÓN DE LOS JUECES SUPERNUMERARIOS CON LOS JUECES TITULARES DEL PODER JUDICIAL,DESCONOCIDO,"['Aragón Carreño', 'Luis Ángel', 'Martínez Talavera', 'Pedro Edwin', 'Vergara Mendoza', 'Elvis Hernán']",6,OTROS,,2025-10-17,2025,10,Friday,E
12875/2025-CR,17/10/2025,PROYECTO DE LEY QUE MODIFICA LA LEY 29571- CÓDIGO DE PROTECCIÓN AL CONSUMIDOR CON EL OBJETO DE FORTALECER EL DERECHO A LA INFORMACIÓN DE LOS CONSUMIDORES,E,P,"Reymundo Mercado, Edgard Cornelio, Bazán Narro, Sigrid Tesoro, Luque Ibarra, Ruth ver más...",17/10/2025,12875/2025-CR,PROYECTO DE LEY QUE MODIFICA LA LEY 29571- CÓDIGO DE PROTECCIÓN AL CONSUMIDOR CON EL OBJETO DE FORTALECER EL DERECHO A LA INFORMACIÓN DE LOS CONSUMIDORES,DESCONOCIDO,"['Reymundo Mercado', 'Edgard Cornelio', 'Bazán Narro', 'Sigrid Tesoro', 'Luque Ibarra', 'Ruth']",6,OTROS,ICA,2025-10-17,2025,10,Friday,E
12874/2025-CR,17/10/2025,"PROYECTO DE LEY QUE DEROGA LA LEY 32123, LEY DE MODERNIZACIÓN DEL SISTEMA PREVISIONAL PERUANO, PARA GARANTIZAR LAS PENSIONES DIGNAS DE LOS APORTANTES Y PENSIONISTAS A NIVEL NACIONAL",E,P,"Cruz Mamani, Flavio, Agüero Gutiérrez, María Antonieta, Taipe Coronado, María Elizabeth ver más...",17/10/2025,12874/2025-CR,"PROYECTO DE LEY QUE DEROGA LA LEY 32123, LEY DE MODERNIZACIÓN DEL SISTEMA PREVISIONAL PERUANO, PARA GARANTIZAR LAS PENSIONES DIGNAS DE LOS APORTANTES Y PENSIONISTAS A NIVEL NACIONAL",DESCONOCIDO,"['Cruz Mamani', 'Flavio', 'Agüero Gutiérrez', 'María Antonieta', 'Taipe Coronado', 'María Elizabeth']",6,OTROS,,2025-10-17,2025,10,Friday,E
12873/2025-CR,17/10/2025,"PROYECTO DE LEY QUE MODIFICA EL ARTÍCULO 2 DE LA LEY 25129 PARA EXTENDER LA ASIGNACIÓN FAMILIAR, SIN LÍMITE DE EDAD, A TRABAJADORES CON HIJOS CON DISCAPACIDAD SEVERA.",E,P,"Paredes Gonzales, Alex Antonio, Zegarra Saboya, Ana Zadith, Valer Pinto, Héctor ver más...",17/10/2025,12873/2025-CR,"PROYECTO DE LEY QUE MODIFICA EL ARTÍCULO 2 DE LA LEY 25129 PARA EXTENDER LA ASIGNACIÓN FAMILIAR, SIN LÍMITE DE EDAD, A TRABAJADORES CON HIJOS CON DISCAPACIDAD SEVERA.",DESCONOCIDO,"['Paredes Gonzales', 'Alex Antonio', 'Zegarra Saboya', 'Ana Zadith', 'Valer Pinto', 'Héctor']",6,TRABAJO,ICA,2025-10-17,2025,10,Friday,E
12872/2025-CR,17/10/2025,"PROYECTO DE LEY QUE INCORPORA AL RÉGIMEN LABORAL DEL DECRETO LEGISLATIVO 728 A LOS TRABAJADORES BAJO EL RÉGIMEN DE CONTRATACIÓN ADMINISTRATIVA DE SERVICIOS EN LA SUPERINTENDENCIA DE TRANSPORTE TERRESTRE DE PERSONAS, CARGA Y MERCANCÍAS – SUTRAN.",E,P,"Paredes Gonzales, Alex Antonio, Zegarra Saboya, Ana Zadith, Valer Pinto, Héctor ver más...",17/10/2025,12872/2025-CR,"PROYECTO DE LEY QUE INCORPORA AL RÉGIMEN LABORAL DEL DECRETO LEGISLATIVO 728 A LOS TRABAJADORES BAJO EL RÉGIMEN DE CONTRATACIÓN ADMINISTRATIVA DE SERVICIOS EN LA SUPERINTENDENCIA DE TRANSPORTE TERRESTRE DE PERSONAS, CARGA Y MERCANCÍAS  SUTRAN.",DESCONOCIDO,"['Paredes Gonzales', 'Alex Antonio', 'Zegarra Saboya', 'Ana Zadith', 'Valer Pinto', 'Héctor']",6,TRABAJO,,2025-10-17,2025,10,Friday,E
12871/2025-CR,17/10/2025,"PROYECTO DE LEY QUE GARANTIZA LA CONTINUIDAD DEL PROCESO DE FORMALIZACIÓN DE LA PEQUEÑA MINERÍA Y MINERÍA ARTESANAL, MODIFICANDO EL ARTÍCULO 6 DEL DECRETO LEGISLATIVO 1293",E,P,"Quispe Mamani, Wilson Rusbel, Sánchez Palomino, Roberto Helbert, Cutipa Ccama, Víctor Raúl ver más...",17/10/2025,12871/2025-CR,"PROYECTO DE LEY QUE GARANTIZA LA CONTINUIDAD DEL PROCESO DE FORMALIZACIÓN DE LA PEQUEÑA MINERÍA Y MINERÍA ARTESANAL, MODIFICANDO EL ARTÍCULO 6 DEL DECRETO LEGISLATIVO 1293",DESCONOCIDO,"['Quispe Mamani', 'Wilson Rusbel', 'Sánchez Palomino', 'Roberto Helbert', 'Cutipa Ccama', 'Víctor Raúl']",6,CULTURA,ICA,2025-10-17,2025,10,Friday,E
12870/2025-CR,17/10/2025,PROYECTO DE LEY DE PROTECCIÓN Y USO EXCLUSIVO DE LOS INMUEBLES DE LA POLICÍA NACIONAL DEL PERÚ,E,P,"Chirinos Venegas, Patricia Rosa, Yarrow Lumbreras, Norma Martina, Medina Minaya, Esdras Ricardo ver más...",17/10/2025,12870/2025-CR,PROYECTO DE LEY DE PROTECCIÓN Y USO EXCLUSIVO DE LOS INMUEBLES DE LA POLICÍA NACIONAL DEL PERÚ,DESCONOCIDO,"['Chirinos Venegas', 'Patricia Rosa', 'Yarrow Lumbreras', 'Norma Martina', 'Medina Minaya', 'Esdras Ricardo']",6,SEGURIDAD,,2025-10-17,2025,10,Friday,E
12869/2025-CR,17/10/2025,PROYECTO DE LEY QUE REGULA LA ADJUDICACIÓN DE LOTES Y EDIFICACIONES ESTATALES DESTINADOS AL FUNCIONAMIENTO DE MERCADOS O CENTROS DE ABASTOS,E,P,"Chirinos Venegas, Patricia Rosa, Yarrow Lumbreras, Norma Martina, Ciccia Vásquez, Miguel Ángel ver más...",17/10/2025,12869/2025-CR,PROYECTO DE LEY QUE REGULA LA ADJUDICACIÓN DE LOTES Y EDIFICACIONES ESTATALES DESTINADOS AL FUNCIONAMIENTO DE MERCADOS O CENTROS DE ABASTOS,DESCONOCIDO,"['Chirinos Venegas', 'Patricia Rosa', 'Yarrow Lumbreras', 'Norma Martina', 'Ciccia Vásquez', 'Miguel Ángel']",6,OTROS,ICA,2025-10-17,2025,10,Friday,E
12868/2025-CR,17/10/2025,"LEY QUE DECLARA DE NECESIDAD PÚBLICA E INTERES NACIONAL LA REGULACIÓN EN EL DISEÑO, FABRICACION, INSTALACION, OPERACIÓN, MANTENIMIENTO Y REEMPLAZO DE LAS CALDERAS EN LA PRODUCCION DE BIENES Y SERVICIOS A NIVEL NACIONAL",E,P,"Zeballos Madariaga, Carlos Javier, Reymundo Mercado, Edgard Cornelio, Bazán Narro, Sigrid Tesoro ver más...",17/10/2025,12868/2025-CR,"LEY QUE DECLARA DE NECESIDAD PÚBLICA E INTERES NACIONAL LA REGULACIÓN EN EL DISEÑO, FABRICACION, INSTALACION, OPERACIÓN, MANTENIMIENTO Y REEMPLAZO DE LAS CALDERAS EN LA PRODUCCION DE BIENES Y SERVICIOS A NIVEL NACIONAL",DESCONOCIDO,"['Zeballos Madariaga', 'Carlos Javier', 'Reymundo Mercado', 'Edgard Cornelio', 'Bazán Narro', 'Sigrid Tesoro']",6,OTROS,ICA,2025-10-17,2025,10,Friday,E
12867/2025-CR,17/10/2025,"PROYECTO DE LEY QUE MODIFICA LA LEY 27918, LEY DE CREACIÓN DEL COLEGIO DE TRABAJADORES SOCIALES DEL PERÚ, PARA INCORPORAR DISPOSICIONES SOBRE LOS COMITÉS ELECTORALES NACIONAL Y REGIONAL, Y LA CONFORMACIÓN DEL COMITÉ ELECTORAL",E,P,"Montalvo Cubas, Segundo Toribio, Cruz Mamani, Flavio, Agüero Gutiérrez, María Antonieta ver más...",17/10/2025,12867/2025-CR,"PROYECTO DE LEY QUE MODIFICA LA LEY 27918, LEY DE CREACIÓN DEL COLEGIO DE TRABAJADORES SOCIALES DEL PERÚ, PARA INCORPORAR DISPOSICIONES SOBRE LOS COMITÉS ELECTORALES NACIONAL Y REGIONAL, Y LA CONFORMACIÓN DEL COMITÉ ELECTORAL",DESCONOCIDO,"['Montalvo Cubas', 'Segundo Toribio', 'Cruz Mamani', 'Flavio', 'Agüero Gutiérrez', 'María Antonieta']",6,EDUCACION,ICA,2025-10-17,2025,10,Friday,E
12866/2025-CR,17/10/2025,"PROYECTO DE LEY PARA LA PREVENCIÓN Y SANCIÓN DEL ABIGEATO Y EL FORTALECIMIENTO DE LA SEGURIDAD GANADERA, MEDIANTE LA MODIFICACIÓN DEL CÓDIGO PENAL",E,P,"Cruz Mamani, Flavio, Mita Alanoca, Isaac, Montalvo Cubas, Segundo Toribio ver más...",17/10/2025,12866/2025-CR,"PROYECTO DE LEY PARA LA PREVENCIÓN Y SANCIÓN DEL ABIGEATO Y EL FORTALECIMIENTO DE LA SEGURIDAD GANADERA, MEDIANTE LA MODIFICACIÓN DEL CÓDIGO PENAL",DESCONOCIDO,"['Cruz Mamani', 'Flavio', 'Mita Alanoca', 'Isaac', 'Montalvo Cubas', 'Segundo Toribio']",6,SEGURIDAD,ICA,2025-10-17,2025,10,Friday,E
12865/2025-CR,17/10/2025,PROYECTO DE LEY QUE PROTEGE EL DERECHO A LA LIBRE EMPRESA Y EVITA CARGAS ECONÓMICAS INJUSTIFICADAS EN EL TRANSPORTE PÚBLICO,E,P,"Gutiérrez Ticona, Paul Silvio, Zegarra Saboya, Ana Zadith, Paredes Gonzales, Alex Antonio ver más...",17/10/2025,12865/2025-CR,PROYECTO DE LEY QUE PROTEGE EL DERECHO A LA LIBRE EMPRESA Y EVITA CARGAS ECONÓMICAS INJUSTIFICADAS EN EL TRANSPORTE PÚBLICO,DESCONOCIDO,"['Gutiérrez Ticona', 'Paul Silvio', 'Zegarra Saboya', 'Ana Zadith', 'Paredes Gonzales', 'Alex Antonio']",6,OTROS,ICA,2025-10-17,2025,10,Friday,E
12864/2025-CR,17/10/2025,"PROYECTO DE LEY QUE FORTALECE EL CONTROL Y LA TRAZABILIDAD DE MUNICIONES EN LA LEY 30299 LEY DE ARMAS DE FUEGO, MUNICIONES, EXPLOSIVOS, PRODUCTOS PIROTÉCNICOS Y MATERIALES RELACIONADOS DE USO CIVIL",E,P,"Gutiérrez Ticona, Paul Silvio, Zegarra Saboya, Ana Zadith, Paredes Gonzales, Alex Antonio ver más...",17/10/2025,12864/2025-CR,"PROYECTO DE LEY QUE FORTALECE EL CONTROL Y LA TRAZABILIDAD DE MUNICIONES EN LA LEY 30299 LEY DE ARMAS DE FUEGO, MUNICIONES, EXPLOSIVOS, PRODUCTOS PIROTÉCNICOS Y MATERIALES RELACIONADOS DE USO CIVIL",DESCONOCIDO,"['Gutiérrez Ticona', 'Paul Silvio', 'Zegarra Saboya', 'Ana Zadith', 'Paredes Gonzales', 'Alex Antonio']",6,OTROS,,2025-10-17,2025,10,Friday,E
12863/2025-CR,17/10/2025,"PROYECTO DE LEY QUE AUTORIZA, DE MANERA EXCEPCIONAL Y POR ÚNICA VEZ, LA DEVOLUCIÓN DE LOS APORTES AL FONDO DE VIVIENDA MILITAR Y POLICIAL (FOVIPOL) A FAVOR DE SUS APORTANTES",E,P,"Gutiérrez Ticona, Paul Silvio, Zegarra Saboya, Ana Zadith, Zea Choquechambi, Oscar ver más...",17/10/2025,12863/2025-CR,"PROYECTO DE LEY QUE AUTORIZA, DE MANERA EXCEPCIONAL Y POR ÚNICA VEZ, LA DEVOLUCIÓN DE LOS APORTES AL FONDO DE VIVIENDA MILITAR Y POLICIAL (FOVIPOL) A FAVOR DE SUS APORTANTES",DESCONOCIDO,"['Gutiérrez Ticona', 'Paul Silvio', 'Zegarra Saboya', 'Ana Zadith', 'Zea Choquechambi', 'Oscar']",6,OTROS,ICA,2025-10-17,2025,10,Friday,E
12862/2025-CR,17/10/2025,"PROYECTO DE LEY QUE FORTALECE LA SEGURIDAD JURÍDICA, EL DEBIDO PROCESO Y LA PROTECCIÓN DEL INTERÉS SUPERIOR DEL NIÑO EN LOS PROCEDIMIENTOS DISCIPLINARIOS DEL PERSONAL DOCENTE Y SE MODIFICA EL ARTÍCULO 45 Y 49 DE LA LEY 29944, LEY DE REFORMA MAGISTERIAL",E,P,"Gutiérrez Ticona, Paul Silvio, Zegarra Saboya, Ana Zadith, Zea Choquechambi, Oscar ver más...",17/10/2025,12862/2025-CR,"PROYECTO DE LEY QUE FORTALECE LA SEGURIDAD JURÍDICA, EL DEBIDO PROCESO Y LA PROTECCIÓN DEL INTERÉS SUPERIOR DEL NIÑO EN LOS PROCEDIMIENTOS DISCIPLINARIOS DEL PERSONAL DOCENTE Y SE MODIFICA EL ARTÍCULO 45 Y 49 DE LA LEY 29944, LEY DE REFORMA MAGISTERIAL",DESCONOCIDO,"['Gutiérrez Ticona', 'Paul Silvio', 'Zegarra Saboya', 'Ana Zadith', 'Zea Choquechambi', 'Oscar']",6,SEGURIDAD,ICA,2025-10-17,2025,10,Friday,E
12861/2025-CR,17/10/2025,"PROYECTO DE LEY QUE MODIFICA LA LEY 30299, LEY DE ARMAS DE FUEGO, MUNICIONES, EXPLOSIVOS, PRODUCTOS PIROTÉCNICOS Y MATERIALES RELACIONADOS DE USO CIVIL, CON LA FINALIDAD DE PREVENIR EL DESVÍO ILEGAL DE ARMAS, MUNICIONES Y MATERIALES RELACIONADOS",E,P,"Paredes Fonseca, Karol Ivett, Williams Zapata, José Daniel, Amuruz Dulanto, Yessica Rosselli ver más...",17/10/2025,12861/2025-CR,"PROYECTO DE LEY QUE MODIFICA LA LEY 30299, LEY DE ARMAS DE FUEGO, MUNICIONES, EXPLOSIVOS, PRODUCTOS PIROTÉCNICOS Y MATERIALES RELACIONADOS DE USO CIVIL, CON LA FINALIDAD DE PREVENIR EL DESVÍO ILEGAL DE ARMAS, MUNICIONES Y MATERIALES RELACIONADOS",ACCION POPULAR,"['Paredes Fonseca', 'Karol Ivett', 'Williams Zapata', 'José Daniel', 'Amuruz Dulanto', 'Yessica Rosselli']",6,OTROS,ICA,2025-10-17,2025,10,Friday,E
12860/2025-CR,17/10/2025,PROYECTO DE LEY QUE FORTALECE LAS ACCIONES DE LA COMISIÓN NACIONAL PARA EL DESARROLLO Y VIDA SIN DROGAS (DEVIDA) EN EL MARCO DE LA POLÍTICA NACIONAL CONTRA LAS DROGAS AL 2030,E,P,"Paredes Fonseca, Karol Ivett, Williams Zapata, José Daniel, Amuruz Dulanto, Yessica Rosselli ver más...",17/10/2025,12860/2025-CR,PROYECTO DE LEY QUE FORTALECE LAS ACCIONES DE LA COMISIÓN NACIONAL PARA EL DESARROLLO Y VIDA SIN DROGAS (DEVIDA) EN EL MARCO DE LA POLÍTICA NACIONAL CONTRA LAS DROGAS AL 2030,ACCION POPULAR,"['Paredes Fonseca', 'Karol Ivett', 'Williams Zapata', 'José Daniel', 'Amuruz Dulanto', 'Yessica Rosselli']",6,OTROS,ICA,2025-10-17,2025,10,Friday,E
12859/2025-CR,17/10/2025,PROYECTO DE LEY QUE AUTORIZA LA INCORPORACIÓN PROGRESIVA DE LOS TRABAJADORES CAS DEL MINISTERIO PÚBLICO AL RÉGIMEN LABORAL DEL DECRETO LEGISLATIVO 728,E,P,"Aragón Carreño, Luis Ángel, Martínez Talavera, Pedro Edwin, Soto Palacios, Wilson ver más...",17/10/2025,12859/2025-CR,PROYECTO DE LEY QUE AUTORIZA LA INCORPORACIÓN PROGRESIVA DE LOS TRABAJADORES CAS DEL MINISTERIO PÚBLICO AL RÉGIMEN LABORAL DEL DECRETO LEGISLATIVO 728,DESCONOCIDO,"['Aragón Carreño', 'Luis Ángel', 'Martínez Talavera', 'Pedro Edwin', 'Soto Palacios', 'Wilson']",6,TRABAJO,,2025-10-17,2025,10,Friday,E
12858/2025-CR,17/10/2025,"PROYECTO DE LEY QUE ELIMINA LAS COMISIONES ABUSIVAS DE LAS AFP, GARANTIZA CUENTAS PREVISIONALES EN ENTIDADES FINANCIERAS Y DEROGA LA LEY 32123",E,P,"Acuña Peralta, Segundo Héctor, Cueto Aservi, José Ernesto, Padilla Romero, Javier Rommel ver más...",17/10/2025,12858/2025-CR,"PROYECTO DE LEY QUE ELIMINA LAS COMISIONES ABUSIVAS DE LAS AFP, GARANTIZA CUENTAS PREVISIONALES EN ENTIDADES FINANCIERAS Y DEROGA LA LEY 32123",DESCONOCIDO,"['Acuña Peralta', 'Segundo Héctor', 'Cueto Aservi', 'José Ernesto', 'Padilla Romero', 'Javier Rommel']",6,OTROS,,2025-10-17,2025,10,Friday,E
12857/2025-CR,17/10/2025,PROYECTO DE LEY QUE MODIFICA LA LEY 27972 LEY ORGÁNICA DE MUNICIPALIDADES Y EXONERA EL PAGO DE ARBITRIOS MUNICIPALES A LAS INSTITUCIONES EDUCATIVAS PÚBLICAS,E,P,"Cruz Mamani, Flavio, Montalvo Cubas, Segundo Toribio, Mita Alanoca, Isaac ver más...",17/10/2025,12857/2025-CR,PROYECTO DE LEY QUE MODIFICA LA LEY 27972 LEY ORGÁNICA DE MUNICIPALIDADES Y EXONERA EL PAGO DE ARBITRIOS MUNICIPALES A LAS INSTITUCIONES EDUCATIVAS PÚBLICAS,DESCONOCIDO,"['Cruz Mamani', 'Flavio', 'Montalvo Cubas', 'Segundo Toribio', 'Mita Alanoca', 'Isaac']",6,OTROS,ICA,2025-10-17,2025,10,Friday,E
12856/2025-CR,17/10/2025,PROYECTO DE LEY QUE MODIFICA EL DECRETO LEGISLATIVO 1280 PARA GARANTIZAR EL DERECHO HUMANO AL AGUA POTABLE Y SANEAMIENTO DIGNO EN COMUNIDADES RURALES MEDIANTE EL USO DE TECNOLOGÍAS SOSTENIBLES,E,P,"Cruz Mamani, Flavio, Mita Alanoca, Isaac, Montalvo Cubas, Segundo Toribio ver más...",17/10/2025,12856/2025-CR,PROYECTO DE LEY QUE MODIFICA EL DECRETO LEGISLATIVO 1280 PARA GARANTIZAR EL DERECHO HUMANO AL AGUA POTABLE Y SANEAMIENTO DIGNO EN COMUNIDADES RURALES MEDIANTE EL USO DE TECNOLOGÍAS SOSTENIBLES,DESCONOCIDO,"['Cruz Mamani', 'Flavio', 'Mita Alanoca', 'Isaac', 'Montalvo Cubas', 'Segundo Toribio']",6,OTROS,ICA,2025-10-17,2025,10,Friday,E
12855/2025-GL,17/10/2025,"PROYECTO DE LEY QUE MODIFICA LA LEY 14702, DEL 14 DE NOVIEMBRE DE 1963, RESPECTO A LA FECHA OFICIAL DE FUNDACIÓN DEL PUERTO FLUVIAL DE IQUITOS, SOBRE EL RÍO AMAZONAS",E,P,,17/10/2025,12855/2025-GL,"PROYECTO DE LEY QUE MODIFICA LA LEY 14702, DEL 14 DE NOVIEMBRE DE 1963, RESPECTO A LA FECHA OFICIAL DE FUNDACIÓN DEL PUERTO FLUVIAL DE IQUITOS, SOBRE EL RÍO AMAZONAS",,[],0,OTROS,ICA,2025-10-17,2025,10,Friday,E
12854/2025-CR,17/10/2025,PROYECTO DE LEY QUE MODIFICA LA LEY ORGÁNICA DEL PODER JUDICIAL PARA LA CREACIÓN DE JUZGADOS AMBIENTALES ESPECIALIZADOS,E,P,"Cruz Mamani, Flavio, Mita Alanoca, Isaac, Montalvo Cubas, Segundo Toribio ver más...",17/10/2025,12854/2025-CR,PROYECTO DE LEY QUE MODIFICA LA LEY ORGÁNICA DEL PODER JUDICIAL PARA LA CREACIÓN DE JUZGADOS AMBIENTALES ESPECIALIZADOS,DESCONOCIDO,"['Cruz Mamani', 'Flavio', 'Mita Alanoca', 'Isaac', 'Montalvo Cubas', 'Segundo Toribio']",6,AMBIENTE,ICA,2025-10-17,2025,10,Friday,E
12853/2025-CR,17/10/2025,PROYECTO DE LEY DE BONIFICACIÓN POR PUESTO DE SALUD PÚBLICA DEL PERSONAL TÉCNICO Y AUXILIAR ASISTENCIAL DE LA SALUD,E,P,"Martínez Talavera, Pedro Edwin, Mori Celis, Juan Carlos, Alva Rojas, Carlos Enrique ver más...",17/10/2025,12853/2025-CR,PROYECTO DE LEY DE BONIFICACIÓN POR PUESTO DE SALUD PÚBLICA DEL PERSONAL TÉCNICO Y AUXILIAR ASISTENCIAL DE LA SALUD,DESCONOCIDO,"['Martínez Talavera', 'Pedro Edwin', 'Mori Celis', 'Juan Carlos', 'Alva Rojas', 'Carlos Enrique']",6,SALUD,ICA,2025-10-17,2025,10,Friday,E
12852/2025-SBS,17/10/2025,PROYECTO DE LEY QUE MODIFICA EL DECRETO SUPREMO 157-90-EF QUE NORMA EL FUNCIONAMIENTO EN EL PAÍS DE LAS CAJAS MUNICIPALES DE AHORRO Y CRÉDITO,E,P,,17/10/2025,12852/2025-SBS,PROYECTO DE LEY QUE MODIFICA EL DECRETO SUPREMO 157-90-EF QUE NORMA EL FUNCIONAMIENTO EN EL PAÍS DE LAS CAJAS MUNICIPALES DE AHORRO Y CRÉDITO,,[],0,OTROS,ICA,2025-10-17,2025,10,Friday,E
12851/2025-CR,17/10/2025,PROYECTO DE LEY QUE DECLARA EL 30 DE MAYO DE TODOS LOS AÑOS COMO EL DÍA NACIONAL DE ACCIÓN PARA LA DETECCIÓN TEMPRANA DE LA ESCLEROSIS MÚLTIPLE,E,P,"Reymundo Mercado, Edgard Cornelio, Luque Ibarra, Ruth, Bazán Narro, Sigrid Tesoro ver más...",17/10/2025,12851/2025-CR,PROYECTO DE LEY QUE DECLARA EL 30 DE MAYO DE TODOS LOS AÑOS COMO EL DÍA NACIONAL DE ACCIÓN PARA LA DETECCIÓN TEMPRANA DE LA ESCLEROSIS MÚLTIPLE,DESCONOCIDO,"['Reymundo Mercado', 'Edgard Cornelio', 'Luque Ibarra', 'Ruth', 'Bazán Narro', 'Sigrid Tesoro']",6,OTROS,,2025-10-17,2025,10,Friday,E
12850/2025-CR,17/10/2025,PROYECTO DE LEY QUE PROMUEVE LA FORMALIZACIÓN DE LAS MICRO Y PEQUEÑAS EMPRESAS A PARTIR DE LA CONSTITUCIÓN DE LA VENTANILLA ÚNICA,E,P,"Reymundo Mercado, Edgard Cornelio, Bazán Narro, Sigrid Tesoro, Luque Ibarra, Ruth ver más...",17/10/2025,12850/2025-CR,PROYECTO DE LEY QUE PROMUEVE LA FORMALIZACIÓN DE LAS MICRO Y PEQUEÑAS EMPRESAS A PARTIR DE LA CONSTITUCIÓN DE LA VENTANILLA ÚNICA,DESCONOCIDO,"['Reymundo Mercado', 'Edgard Cornelio', 'Bazán Narro', 'Sigrid Tesoro', 'Luque Ibarra', 'Ruth']",6,OTROS,ICA,2025-10-17,2025,10,Friday,E
12849/2025-CR,17/10/2025,"PROYECTO DE LEY QUE MODIFICA LA SEXTA DISPOSICIÓN COMPLEMENTARIA FINAL DEL DECRETO LEGISLATIVO 1267 Y AUTORIZA A LOS EFECTIVOS DE LA POLICÍA NACIONAL DEL PERÚ (PNP) A REALIZAR SERVICIOS POLICIALES EXTRAORDINARIOS EN SUS DÍAS DE VACACIONES, PERMISO O FRANCO, DE MANERA VOLUNTARIA Y REGULADA",E,P,"Arriola Tueros, José Alberto, Calle Lobatón, Digna, Juárez Calle, Heidy Lisbeth ver más...",17/10/2025,12849/2025-CR,"PROYECTO DE LEY QUE MODIFICA LA SEXTA DISPOSICIÓN COMPLEMENTARIA FINAL DEL DECRETO LEGISLATIVO 1267 Y AUTORIZA A LOS EFECTIVOS DE LA POLICÍA NACIONAL DEL PERÚ (PNP) A REALIZAR SERVICIOS POLICIALES EXTRAORDINARIOS EN SUS DÍAS DE VACACIONES, PERMISO O FRANCO, DE MANERA VOLUNTARIA Y REGULADA",DESCONOCIDO,"['Arriola Tueros', 'José Alberto', 'Calle Lobatón', 'Digna', 'Juárez Calle', 'Heidy Lisbeth']",6,SEGURIDAD,ICA,2025-10-17,2025,10,Friday,E
12848/2025-CR,17/10/2025,"PROYECTO DE LEY QUE AUTORIZA EL NOMBRAMIENTO EXCEPCIONAL, DE LOS PROFESIONALES DE LA SALUD, TÉCNICOS Y AUXILIARES ASISTENCIALES DEL MINISTERIO DE DEFENSA, SUS ORGANISMOS, EJERCITO DEL PERÚ, MARINA DE GUERRA Y FUERZA AÉREA, CONTRATADOS HASTA DICIEMBRE DEL AÑO 2024, BAJO EL RÉGIMEN DEL DECRETO LEGISLATIVO 1057- CAS",E,P,"Arriola Tueros, José Alberto, Calle Lobatón, Digna, Juárez Calle, Heidy Lisbeth ver más...",17/10/2025,12848/2025-CR,"PROYECTO DE LEY QUE AUTORIZA EL NOMBRAMIENTO EXCEPCIONAL, DE LOS PROFESIONALES DE LA SALUD, TÉCNICOS Y AUXILIARES ASISTENCIALES DEL MINISTERIO DE DEFENSA, SUS ORGANISMOS, EJERCITO DEL PERÚ, MARINA DE GUERRA Y FUERZA AÉREA, CONTRATADOS HASTA DICIEMBRE DEL AÑO 2024, BAJO EL RÉGIMEN DEL DECRETO LEGISLATIVO 1057- CAS",DESCONOCIDO,"['Arriola Tueros', 'José Alberto', 'Calle Lobatón', 'Digna', 'Juárez Calle', 'Heidy Lisbeth']",6,SALUD,,2025-10-17,2025,10,Friday,E
12847/2025-CR,17/10/2025,"PROYECTO DE LEY QUE ESTABLECE UN NUEVO PLAZO PARA LA PRESENTACIÓN DE SOLICITUDES DE RECONOCIMIENTO COMO DEFENSORES DE LA PATRIA A FAVOR DEL PERSONAL MILITAR, POLICIAL Y CIVIL QUE PARTICIPÓ EN LOS CONFLICTOS ARMADOS CON EL ECUADOR EN LOS AÑOS 1978, 1981 Y 1995",E,P,"Arriola Tueros, José Alberto, Calle Lobatón, Digna, Paredes Castro, Francis Jhasmina ver más...",17/10/2025,12847/2025-CR,"PROYECTO DE LEY QUE ESTABLECE UN NUEVO PLAZO PARA LA PRESENTACIÓN DE SOLICITUDES DE RECONOCIMIENTO COMO DEFENSORES DE LA PATRIA A FAVOR DEL PERSONAL MILITAR, POLICIAL Y CIVIL QUE PARTICIPÓ EN LOS CONFLICTOS ARMADOS CON EL ECUADOR EN LOS AÑOS 1978, 1981 Y 1995",DESCONOCIDO,"['Arriola Tueros', 'José Alberto', 'Calle Lobatón', 'Digna', 'Paredes Castro', 'Francis Jhasmina']",6,OTROS,,2025-10-17,2025,10,Friday,E
12846/2025-CR,17/10/2025,"PROYECTO DE LEY QUE DECLARA EL 7 DE OCTUBRE DE CADA AÑO COMO EL ""DÍA NACIONAL DEL AUDITOR EN SALUD”",E,P,"Arriola Tueros, José Alberto, Calle Lobatón, Digna, Juárez Calle, Heidy Lisbeth ver más...",17/10/2025,12846/2025-CR,PROYECTO DE LEY QUE DECLARA EL 7 DE OCTUBRE DE CADA AÑO COMO EL DÍA NACIONAL DEL AUDITOR EN SALUD,DESCONOCIDO,"['Arriola Tueros', 'José Alberto', 'Calle Lobatón', 'Digna', 'Juárez Calle', 'Heidy Lisbeth']",6,SALUD,,2025-10-17,2025,10,Friday,E
12845/2025-CR,17/10/2025,PROYECTO DE LEY QUE DISPONE EL USO OBLIGATORIO DE EQUIPOS DE PROTECCIÓN INTEGRAL CORPORAL POR EL PERSONAL DE LA POLICÍA NACIONAL DEL PERÚ DURANTE EL DESEMPEÑO DEL SERVICIO ACTIVO,E,P,"Arriola Tueros, José Alberto, Calle Lobatón, Digna, Paredes Castro, Francis Jhasmina ver más...",17/10/2025,12845/2025-CR,PROYECTO DE LEY QUE DISPONE EL USO OBLIGATORIO DE EQUIPOS DE PROTECCIÓN INTEGRAL CORPORAL POR EL PERSONAL DE LA POLICÍA NACIONAL DEL PERÚ DURANTE EL DESEMPEÑO DEL SERVICIO ACTIVO,DESCONOCIDO,"['Arriola Tueros', 'José Alberto', 'Calle Lobatón', 'Digna', 'Paredes Castro', 'Francis Jhasmina']",6,SEGURIDAD,,2025-10-17,2025,10,Friday,E
